year,iso3,country,who_region,latitude,longitude,syndrome,confirmed_cases,deaths,recovered,case_fatality_rate,hospitalized,icu_admissions,human_to_human_cases
1993,ARG,Argentina,AMRO,-34.6,-58.4,HPS,35,11,24,0.3426,30,8,0
1993,CHL,Chile,AMRO,-33.4,-70.6,HPS,0,0,0,0.2587,0,0,0
1993,BRA,Brazil,AMRO,-15.8,-47.9,HPS,0,0,0,0.4455,0,0,0
1993,BOL,Bolivia,AMRO,-16.5,-68.2,HPS,0,0,0,0.2775,0,0,0
1993,PRY,Paraguay,AMRO,-25.3,-57.6,HPS,0,0,0,0.2666,0,0,0
1993,URY,Uruguay,AMRO,-34.9,-56.2,HPS,0,0,0,0.255,0,0,0
1993,PAN,Panama,AMRO,9.0,-79.5,HPS,0,0,0,0.3271,0,0,0
1993,USA,USA,AMRO,38.9,-77.0,HPS,11,3,8,0.3171,7,2,0
1993,CAN,Canada,AMRO,45.4,-75.7,HPS,0,0,0,0.3551,0,0,0
1993,CRI,Costa Rica,AMRO,9.9,-84.1,HPS,0,0,0,0.266,0,0,0
1993,CHN,China,WPRO,39.9,116.4,HFRS,5447,252,5195,0.0464,4165,1314,0
1993,KOR,South Korea,WPRO,37.6,127.0,HFRS,362,7,355,0.0204,302,59,0
1993,JPN,Japan,WPRO,35.7,139.7,HFRS,0,0,0,0.0255,0,0,0
1993,RUS,Russia,EURO,55.8,37.6,HFRS,10218,384,9834,0.0377,7378,1468,0
1993,FIN,Finland,EURO,60.2,24.9,HFRS,838,1,837,0.0023,668,145,0
1993,DEU,Germany,EURO,52.5,13.4,HFRS,0,0,0,0.0021,0,0,0
1993,SWE,Sweden,EURO,59.3,18.1,HFRS,0,0,0,0.0034,0,0,0
1993,BEL,Belgium,EURO,50.8,4.4,HFRS,0,0,0,0.0014,0,0,0
1993,FRA,France,EURO,48.9,2.3,HFRS,0,0,0,0.0032,0,0,0
1993,HRV,Croatia,EURO,45.8,16.0,HFRS,0,0,0,0.0246,0,0,0
1993,SVN,Slovenia,EURO,46.1,14.5,HFRS,0,0,0,0.0119,0,0,0
1993,GRC,Greece,EURO,37.97,23.73,HFRS,0,0,0,0.0455,0,0,0
1993,GBR,United Kingdom,EURO,51.5,-0.1,HFRS,0,0,0,0.0243,0,0,0
1993,TWN,Taiwan,WPRO,25.0,121.5,HFRS,0,0,0,0.0248,0,0,0
1993,COL,Colombia,AMRO,4.7,-74.1,HPS,0,0,0,0.2662,0,0,0
1994,ARG,Argentina,AMRO,-34.6,-58.4,HPS,35,9,26,0.2763,32,6,0
1994,CHL,Chile,AMRO,-33.4,-70.6,HPS,0,0,0,0.2843,0,0,0
1994,BRA,Brazil,AMRO,-15.8,-47.9,HPS,0,0,0,0.4212,0,0,0
1994,BOL,Bolivia,AMRO,-16.5,-68.2,HPS,0,0,0,0.278,0,0,0
1994,PRY,Paraguay,AMRO,-25.3,-57.6,HPS,0,0,0,0.3634,0,0,0
1994,URY,Uruguay,AMRO,-34.9,-56.2,HPS,0,0,0,0.2641,0,0,0
1994,PAN,Panama,AMRO,9.0,-79.5,HPS,0,0,0,0.3266,0,0,0
1994,USA,USA,AMRO,38.9,-77.0,HPS,6,2,4,0.3338,5,1,0
1994,CAN,Canada,AMRO,45.4,-75.7,HPS,0,0,0,0.3414,0,0,0
1994,CRI,Costa Rica,AMRO,9.9,-84.1,HPS,0,0,0,0.2378,0,0,0
1994,CHN,China,WPRO,39.9,116.4,HFRS,8598,98,8500,0.0115,7328,2020,0
1994,KOR,South Korea,WPRO,37.6,127.0,HFRS,226,3,223,0.0156,209,43,0
1994,JPN,Japan,WPRO,35.7,139.7,HFRS,0,0,0,0.0198,0,0,0
1994,RUS,Russia,EURO,55.8,37.6,HFRS,10858,356,10502,0.0328,8245,2737,0
1994,FIN,Finland,EURO,60.2,24.9,HFRS,1449,5,1444,0.0035,1243,352,0
1994,DEU,Germany,EURO,52.5,13.4,HFRS,0,0,0,0.0035,0,0,0
1994,SWE,Sweden,EURO,59.3,18.1,HFRS,0,0,0,0.0028,0,0,0
1994,BEL,Belgium,EURO,50.8,4.4,HFRS,0,0,0,0.0015,0,0,0
1994,FRA,France,EURO,48.9,2.3,HFRS,0,0,0,0.0022,0,0,0
1994,HRV,Croatia,EURO,45.8,16.0,HFRS,0,0,0,0.0245,0,0,0
1994,SVN,Slovenia,EURO,46.1,14.5,HFRS,0,0,0,0.0298,0,0,0
1994,GRC,Greece,EURO,37.97,23.73,HFRS,0,0,0,0.0297,0,0,0
1994,GBR,United Kingdom,EURO,51.5,-0.1,HFRS,0,0,0,0.0227,0,0,0
1994,TWN,Taiwan,WPRO,25.0,121.5,HFRS,0,0,0,0.0369,0,0,0
1994,COL,Colombia,AMRO,4.7,-74.1,HPS,0,0,0,0.2626,0,0,0
1995,ARG,Argentina,AMRO,-34.6,-58.4,HPS,54,10,44,0.2014,39,12,0
1995,CHL,Chile,AMRO,-33.4,-70.6,HPS,14,4,10,0.3323,12,3,0
1995,BRA,Brazil,AMRO,-15.8,-47.9,HPS,39,13,26,0.3356,30,10,0
1995,BOL,Bolivia,AMRO,-16.5,-68.2,HPS,7,2,5,0.3774,6,1,0
1995,PRY,Paraguay,AMRO,-25.3,-57.6,HPS,4,1,3,0.2788,3,0,0
1995,URY,Uruguay,AMRO,-34.9,-56.2,HPS,4,1,3,0.259,3,0,0
1995,PAN,Panama,AMRO,9.0,-79.5,HPS,13,4,9,0.3254,10,2,0
1995,USA,USA,AMRO,38.9,-77.0,HPS,7,2,5,0.3722,5,0,0
1995,CAN,Canada,AMRO,45.4,-75.7,HPS,2,0,2,0.273,1,0,0
1995,CRI,Costa Rica,AMRO,9.9,-84.1,HPS,1,0,1,0.2555,0,0,0
1995,CHN,China,WPRO,39.9,116.4,HFRS,10312,501,9811,0.0487,9702,3524,0
1995,KOR,South Korea,WPRO,37.6,127.0,HFRS,353,6,347,0.0177,322,73,0
1995,JPN,Japan,WPRO,35.7,139.7,HFRS,7,0,7,0.0211,6,1,0
1995,RUS,Russia,EURO,55.8,37.6,HFRS,9690,125,9565,0.0129,8272,3288,0
1995,FIN,Finland,EURO,60.2,24.9,HFRS,998,3,995,0.0031,917,307,0
1995,DEU,Germany,EURO,52.5,13.4,HFRS,1124,3,1121,0.0031,887,198,0
1995,SWE,Sweden,EURO,59.3,18.1,HFRS,310,1,309,0.0034,284,107,0
1995,BEL,Belgium,EURO,50.8,4.4,HFRS,116,0,116,0.002,104,32,0
1995,FRA,France,EURO,48.9,2.3,HFRS,113,0,113,0.0034,104,24,0
1995,HRV,Croatia,EURO,45.8,16.0,HFRS,59,1,58,0.0238,49,7,0
1995,SVN,Slovenia,EURO,46.1,14.5,HFRS,44,1,43,0.0263,33,9,0
1995,GRC,Greece,EURO,37.97,23.73,HFRS,8,0,8,0.0215,7,1,0
1995,GBR,United Kingdom,EURO,51.5,-0.1,HFRS,6,0,6,0.0204,5,1,0
1995,TWN,Taiwan,WPRO,25.0,121.5,HFRS,10,0,10,0.0126,7,1,0
1995,COL,Colombia,AMRO,4.7,-74.1,HPS,2,0,2,0.3456,1,0,0
1996,ARG,Argentina,AMRO,-34.6,-58.4,HPS,52,12,40,0.2484,46,10,1
1996,CHL,Chile,AMRO,-33.4,-70.6,HPS,13,3,10,0.2538,12,4,0
1996,BRA,Brazil,AMRO,-15.8,-47.9,HPS,30,9,21,0.326,22,4,0
1996,BOL,Bolivia,AMRO,-16.5,-68.2,HPS,6,2,4,0.3572,5,1,0
1996,PRY,Paraguay,AMRO,-25.3,-57.6,HPS,13,4,9,0.3381,10,3,0
1996,URY,Uruguay,AMRO,-34.9,-56.2,HPS,3,0,3,0.2372,2,0,0
1996,PAN,Panama,AMRO,9.0,-79.5,HPS,4,1,3,0.2674,2,0,0
1996,USA,USA,AMRO,38.9,-77.0,HPS,18,6,12,0.3704,14,2,0
1996,CAN,Canada,AMRO,45.4,-75.7,HPS,2,0,2,0.3116,1,0,0
1996,CRI,Costa Rica,AMRO,9.9,-84.1,HPS,1,0,1,0.2924,0,0,0
1996,CHN,China,WPRO,39.9,116.4,HFRS,9514,333,9181,0.035,7856,2860,0
1996,KOR,South Korea,WPRO,37.6,127.0,HFRS,542,7,535,0.0133,388,120,0
1996,JPN,Japan,WPRO,35.7,139.7,HFRS,5,0,5,0.0217,4,1,0
1996,RUS,Russia,EURO,55.8,37.6,HFRS,7747,226,7521,0.0293,6310,1807,0
1996,FIN,Finland,EURO,60.2,24.9,HFRS,2492,6,2486,0.0025,2343,881,0
1996,DEU,Germany,EURO,52.5,13.4,HFRS,603,0,603,0.0012,437,67,0
1996,SWE,Sweden,EURO,59.3,18.1,HFRS,124,0,124,0.003,89,20,0
1996,BEL,Belgium,EURO,50.8,4.4,HFRS,159,0,159,0.001,143,31,0
1996,FRA,France,EURO,48.9,2.3,HFRS,52,0,52,0.0031,44,16,0
1996,HRV,Croatia,EURO,45.8,16.0,HFRS,87,4,83,0.0521,67,13,0
1996,SVN,Slovenia,EURO,46.1,14.5,HFRS,59,2,57,0.0342,55,13,0
1996,GRC,Greece,EURO,37.97,23.73,HFRS,14,0,14,0.0511,10,3,0
1996,GBR,United Kingdom,EURO,51.5,-0.1,HFRS,16,0,16,0.0186,14,4,0
1996,TWN,Taiwan,WPRO,25.0,121.5,HFRS,5,0,5,0.0371,4,1,0
1996,COL,Colombia,AMRO,4.7,-74.1,HPS,1,0,1,0.3843,0,0,0
1997,ARG,Argentina,AMRO,-34.6,-58.4,HPS,80,17,63,0.2137,62,24,3
1997,CHL,Chile,AMRO,-33.4,-70.6,HPS,29,9,20,0.3448,23,5,0
1997,BRA,Brazil,AMRO,-15.8,-47.9,HPS,43,17,26,0.4129,38,13,0
1997,BOL,Bolivia,AMRO,-16.5,-68.2,HPS,3,0,3,0.3242,2,0,0
1997,PRY,Paraguay,AMRO,-25.3,-57.6,HPS,8,2,6,0.362,6,1,0
1997,URY,Uruguay,AMRO,-34.9,-56.2,HPS,2,0,2,0.3142,1,0,0
1997,PAN,Panama,AMRO,9.0,-79.5,HPS,6,2,4,0.3551,4,1,0
1997,USA,USA,AMRO,38.9,-77.0,HPS,17,5,12,0.3081,12,4,0
1997,CAN,Canada,AMRO,45.4,-75.7,HPS,1,0,1,0.2982,0,0,0
1997,CRI,Costa Rica,AMRO,9.9,-84.1,HPS,2,0,2,0.313,1,0,0
1997,CHN,China,WPRO,39.9,116.4,HFRS,14377,464,13913,0.0323,11588,4363,0
1997,KOR,South Korea,WPRO,37.6,127.0,HFRS,257,5,252,0.0199,180,48,0
1997,JPN,Japan,WPRO,35.7,139.7,HFRS,5,0,5,0.0124,3,0,0
1997,RUS,Russia,EURO,55.8,37.6,HFRS,11194,307,10887,0.0275,10528,2565,0
1997,FIN,Finland,EURO,60.2,24.9,HFRS,1244,5,1239,0.0045,940,367,0
1997,DEU,Germany,EURO,52.5,13.4,HFRS,412,1,411,0.0039,292,108,0
1997,SWE,Sweden,EURO,59.3,18.1,HFRS,237,0,237,0.004,170,49,0
1997,BEL,Belgium,EURO,50.8,4.4,HFRS,176,0,176,0.002,150,48,0
1997,FRA,France,EURO,48.9,2.3,HFRS,87,0,87,0.0029,73,27,0
1997,HRV,Croatia,EURO,45.8,16.0,HFRS,33,1,32,0.0312,30,11,0
1997,SVN,Slovenia,EURO,46.1,14.5,HFRS,43,1,42,0.0286,33,6,0
1997,GRC,Greece,EURO,37.97,23.73,HFRS,16,0,16,0.0341,13,2,0
1997,GBR,United Kingdom,EURO,51.5,-0.1,HFRS,17,0,17,0.0297,14,3,0
1997,TWN,Taiwan,WPRO,25.0,121.5,HFRS,7,0,7,0.0344,6,1,0
1997,COL,Colombia,AMRO,4.7,-74.1,HPS,3,1,2,0.3734,2,0,0
1998,ARG,Argentina,AMRO,-34.6,-58.4,HPS,66,17,49,0.2627,61,22,0
1998,CHL,Chile,AMRO,-33.4,-70.6,HPS,13,3,10,0.3065,11,4,0
1998,BRA,Brazil,AMRO,-15.8,-47.9,HPS,43,15,28,0.3571,40,14,0
1998,BOL,Bolivia,AMRO,-16.5,-68.2,HPS,10,3,7,0.3203,8,1,0
1998,PRY,Paraguay,AMRO,-25.3,-57.6,HPS,4,1,3,0.3584,3,1,0
1998,URY,Uruguay,AMRO,-34.9,-56.2,HPS,6,1,5,0.2833,5,1,0
1998,PAN,Panama,AMRO,9.0,-79.5,HPS,17,4,13,0.2871,13,2,0
1998,USA,USA,AMRO,38.9,-77.0,HPS,22,7,15,0.3606,16,5,0
1998,CAN,Canada,AMRO,45.4,-75.7,HPS,2,0,2,0.2966,1,0,0
1998,CRI,Costa Rica,AMRO,9.9,-84.1,HPS,1,0,1,0.3158,0,0,0
1998,CHN,China,WPRO,39.9,116.4,HFRS,11444,371,11073,0.0324,10518,2638,0
1998,KOR,South Korea,WPRO,37.6,127.0,HFRS,269,2,267,0.0106,239,72,0
1998,JPN,Japan,WPRO,35.7,139.7,HFRS,14,0,14,0.0143,10,1,0
1998,RUS,Russia,EURO,55.8,37.6,HFRS,7187,199,6988,0.0277,5735,1487,0
1998,FIN,Finland,EURO,60.2,24.9,HFRS,2362,5,2357,0.0024,1956,676,0
1998,DEU,Germany,EURO,52.5,13.4,HFRS,812,2,810,0.0029,743,287,0
1998,SWE,Sweden,EURO,59.3,18.1,HFRS,138,0,138,0.0038,113,24,0
1998,BEL,Belgium,EURO,50.8,4.4,HFRS,109,0,109,0.003,89,20,0
1998,FRA,France,EURO,48.9,2.3,HFRS,105,0,105,0.0017,75,13,0
1998,HRV,Croatia,EURO,45.8,16.0,HFRS,39,1,38,0.0261,28,8,0
1998,SVN,Slovenia,EURO,46.1,14.5,HFRS,29,0,29,0.0204,26,6,0
1998,GRC,Greece,EURO,37.97,23.73,HFRS,20,0,20,0.0269,14,2,0
1998,GBR,United Kingdom,EURO,51.5,-0.1,HFRS,7,0,7,0.0156,5,0,0
1998,TWN,Taiwan,WPRO,25.0,121.5,HFRS,5,0,5,0.0238,3,0,0
1998,COL,Colombia,AMRO,4.7,-74.1,HPS,2,0,2,0.3536,1,0,0
1999,ARG,Argentina,AMRO,-34.6,-58.4,HPS,71,15,56,0.2123,65,24,0
1999,CHL,Chile,AMRO,-33.4,-70.6,HPS,23,8,15,0.3709,20,3,0
1999,BRA,Brazil,AMRO,-15.8,-47.9,HPS,35,13,22,0.3727,29,7,0
1999,BOL,Bolivia,AMRO,-16.5,-68.2,HPS,7,2,5,0.3621,4,0,0
1999,PRY,Paraguay,AMRO,-25.3,-57.6,HPS,12,4,8,0.3632,9,2,0
1999,URY,Uruguay,AMRO,-34.9,-56.2,HPS,2,0,2,0.2671,1,0,0
1999,PAN,Panama,AMRO,9.0,-79.5,HPS,9,2,7,0.3066,6,1,0
1999,USA,USA,AMRO,38.9,-77.0,HPS,10,3,7,0.3327,7,2,0
1999,CAN,Canada,AMRO,45.4,-75.7,HPS,2,0,2,0.3383,1,0,0
1999,CRI,Costa Rica,AMRO,9.9,-84.1,HPS,0,0,0,0.2806,0,0,0
1999,CHN,China,WPRO,39.9,116.4,HFRS,9847,148,9699,0.0151,7591,1827,0
1999,KOR,South Korea,WPRO,37.6,127.0,HFRS,535,11,524,0.0214,422,167,0
1999,JPN,Japan,WPRO,35.7,139.7,HFRS,12,0,12,0.0147,8,1,0
1999,RUS,Russia,EURO,55.8,37.6,HFRS,6085,90,5995,0.0148,4543,1005,0
1999,FIN,Finland,EURO,60.2,24.9,HFRS,1009,4,1005,0.0046,726,204,0
1999,DEU,Germany,EURO,52.5,13.4,HFRS,826,3,823,0.0039,601,149,0
1999,SWE,Sweden,EURO,59.3,18.1,HFRS,352,1,351,0.0036,318,68,0
1999,BEL,Belgium,EURO,50.8,4.4,HFRS,72,0,72,0.0023,67,19,0
1999,FRA,France,EURO,48.9,2.3,HFRS,99,0,99,0.0018,88,17,0
1999,HRV,Croatia,EURO,45.8,16.0,HFRS,55,2,53,0.037,45,9,0
1999,SVN,Slovenia,EURO,46.1,14.5,HFRS,25,0,25,0.0283,19,5,0
1999,GRC,Greece,EURO,37.97,23.73,HFRS,10,0,10,0.0392,8,1,0
1999,GBR,United Kingdom,EURO,51.5,-0.1,HFRS,9,0,9,0.0127,6,2,0
1999,TWN,Taiwan,WPRO,25.0,121.5,HFRS,7,0,7,0.0343,5,1,0
1999,COL,Colombia,AMRO,4.7,-74.1,HPS,3,1,2,0.3393,2,0,0
2000,ARG,Argentina,AMRO,-34.6,-58.4,HPS,54,18,36,0.3394,49,19,0
2000,CHL,Chile,AMRO,-33.4,-70.6,HPS,41,16,25,0.3908,30,4,1
2000,BRA,Brazil,AMRO,-15.8,-47.9,HPS,47,20,27,0.4263,34,11,0
2000,BOL,Bolivia,AMRO,-16.5,-68.2,HPS,5,1,4,0.2745,3,1,0
2000,PRY,Paraguay,AMRO,-25.3,-57.6,HPS,12,3,9,0.3037,9,3,0
2000,URY,Uruguay,AMRO,-34.9,-56.2,HPS,3,0,3,0.3225,2,0,0
2000,PAN,Panama,AMRO,9.0,-79.5,HPS,13,3,10,0.2952,11,3,0
2000,USA,USA,AMRO,38.9,-77.0,HPS,11,4,7,0.39,8,2,0
2000,CAN,Canada,AMRO,45.4,-75.7,HPS,3,0,3,0.3312,2,0,0
2000,CRI,Costa Rica,AMRO,9.9,-84.1,HPS,1,0,1,0.2502,0,0,0
2000,CHN,China,WPRO,39.9,116.4,HFRS,11963,374,11589,0.0313,11047,3834,0
2000,KOR,South Korea,WPRO,37.6,127.0,HFRS,278,4,274,0.0162,211,70,0
2000,JPN,Japan,WPRO,35.7,139.7,HFRS,5,0,5,0.0214,4,1,0
2000,RUS,Russia,EURO,55.8,37.6,HFRS,6922,239,6683,0.0346,5036,1821,0
2000,FIN,Finland,EURO,60.2,24.9,HFRS,914,2,912,0.0026,821,153,0
2000,DEU,Germany,EURO,52.5,13.4,HFRS,638,2,636,0.0032,561,174,0
2000,SWE,Sweden,EURO,59.3,18.1,HFRS,280,0,280,0.0026,213,50,0
2000,BEL,Belgium,EURO,50.8,4.4,HFRS,73,0,73,0.0028,61,15,0
2000,FRA,France,EURO,48.9,2.3,HFRS,88,0,88,0.0038,64,18,0
2000,HRV,Croatia,EURO,45.8,16.0,HFRS,69,3,66,0.0445,48,17,0
2000,SVN,Slovenia,EURO,46.1,14.5,HFRS,68,1,67,0.027,59,22,0
2000,GRC,Greece,EURO,37.97,23.73,HFRS,21,0,21,0.0261,17,5,0
2000,GBR,United Kingdom,EURO,51.5,-0.1,HFRS,10,0,10,0.0247,9,3,0
2000,TWN,Taiwan,WPRO,25.0,121.5,HFRS,8,0,8,0.0134,7,2,0
2000,COL,Colombia,AMRO,4.7,-74.1,HPS,1,0,1,0.3881,0,0,0
2001,ARG,Argentina,AMRO,-34.6,-58.4,HPS,76,19,57,0.2599,54,12,3
2001,CHL,Chile,AMRO,-33.4,-70.6,HPS,15,4,11,0.3,11,3,0
2001,BRA,Brazil,AMRO,-15.8,-47.9,HPS,38,13,25,0.352,33,8,0
2001,BOL,Bolivia,AMRO,-16.5,-68.2,HPS,5,1,4,0.3179,3,0,0
2001,PRY,Paraguay,AMRO,-25.3,-57.6,HPS,11,3,8,0.287,10,2,0
2001,URY,Uruguay,AMRO,-34.9,-56.2,HPS,5,1,4,0.2948,3,0,0
2001,PAN,Panama,AMRO,9.0,-79.5,HPS,9,3,6,0.3942,6,1,0
2001,USA,USA,AMRO,38.9,-77.0,HPS,9,3,6,0.3997,7,2,0
2001,CAN,Canada,AMRO,45.4,-75.7,HPS,1,0,1,0.3475,0,0,0
2001,CRI,Costa Rica,AMRO,9.9,-84.1,HPS,1,0,1,0.2286,0,0,0
2001,CHN,China,WPRO,39.9,116.4,HFRS,11158,140,11018,0.0126,9973,2626,0
2001,KOR,South Korea,WPRO,37.6,127.0,HFRS,472,8,464,0.0188,377,109,0
2001,JPN,Japan,WPRO,35.7,139.7,HFRS,7,0,7,0.0136,6,2,0
2001,RUS,Russia,EURO,55.8,37.6,HFRS,7125,129,6996,0.0181,6134,1546,0
2001,FIN,Finland,EURO,60.2,24.9,HFRS,722,1,721,0.0016,634,199,0
2001,DEU,Germany,EURO,52.5,13.4,HFRS,428,0,428,0.0017,324,103,0
2001,SWE,Sweden,EURO,59.3,18.1,HFRS,105,0,105,0.0013,94,18,0
2001,BEL,Belgium,EURO,50.8,4.4,HFRS,134,0,134,0.0015,97,20,0
2001,FRA,France,EURO,48.9,2.3,HFRS,115,0,115,0.0036,104,25,0
2001,HRV,Croatia,EURO,45.8,16.0,HFRS,82,2,80,0.0282,63,23,0
2001,SVN,Slovenia,EURO,46.1,14.5,HFRS,20,0,20,0.0126,15,2,0
2001,GRC,Greece,EURO,37.97,23.73,HFRS,11,0,11,0.0433,8,2,0
2001,GBR,United Kingdom,EURO,51.5,-0.1,HFRS,15,0,15,0.0168,11,2,0
2001,TWN,Taiwan,WPRO,25.0,121.5,HFRS,10,0,10,0.018,8,2,0
2001,COL,Colombia,AMRO,4.7,-74.1,HPS,3,0,3,0.3154,2,0,0
2002,ARG,Argentina,AMRO,-34.6,-58.4,HPS,94,20,74,0.221,86,23,4
2002,CHL,Chile,AMRO,-33.4,-70.6,HPS,48,15,33,0.3138,33,7,1
2002,BRA,Brazil,AMRO,-15.8,-47.9,HPS,55,18,37,0.3387,40,14,0
2002,BOL,Bolivia,AMRO,-16.5,-68.2,HPS,14,4,10,0.3289,10,2,0
2002,PRY,Paraguay,AMRO,-25.3,-57.6,HPS,5,1,4,0.3663,3,0,0
2002,URY,Uruguay,AMRO,-34.9,-56.2,HPS,3,0,3,0.2831,2,0,0
2002,PAN,Panama,AMRO,9.0,-79.5,HPS,10,2,8,0.2516,7,2,0
2002,USA,USA,AMRO,38.9,-77.0,HPS,25,8,17,0.3597,21,6,0
2002,CAN,Canada,AMRO,45.4,-75.7,HPS,1,0,1,0.3689,0,0,0
2002,CRI,Costa Rica,AMRO,9.9,-84.1,HPS,1,0,1,0.207,0,0,0
2002,CHN,China,WPRO,39.9,116.4,HFRS,5420,184,5236,0.0341,4126,1020,0
2002,KOR,South Korea,WPRO,37.6,127.0,HFRS,350,5,345,0.0171,307,68,0
2002,JPN,Japan,WPRO,35.7,139.7,HFRS,12,0,12,0.0195,10,3,0
2002,RUS,Russia,EURO,55.8,37.6,HFRS,10363,170,10193,0.0164,7334,1580,0
2002,FIN,Finland,EURO,60.2,24.9,HFRS,1704,2,1702,0.0012,1404,420,0
2002,DEU,Germany,EURO,52.5,13.4,HFRS,747,2,745,0.0033,542,91,0
2002,SWE,Sweden,EURO,59.3,18.1,HFRS,289,0,289,0.0025,252,65,0
2002,BEL,Belgium,EURO,50.8,4.4,HFRS,82,0,82,0.0026,73,23,0
2002,FRA,France,EURO,48.9,2.3,HFRS,68,0,68,0.0028,53,9,0
2002,HRV,Croatia,EURO,45.8,16.0,HFRS,101,2,99,0.0255,94,24,0
2002,SVN,Slovenia,EURO,46.1,14.5,HFRS,29,0,29,0.0263,26,8,0
2002,GRC,Greece,EURO,37.97,23.73,HFRS,23,1,22,0.0464,20,7,0
2002,GBR,United Kingdom,EURO,51.5,-0.1,HFRS,8,0,8,0.0198,6,2,0
2002,TWN,Taiwan,WPRO,25.0,121.5,HFRS,13,0,13,0.0112,11,4,0
2002,COL,Colombia,AMRO,4.7,-74.1,HPS,1,0,1,0.3352,0,0,0
2003,ARG,Argentina,AMRO,-34.6,-58.4,HPS,92,22,70,0.2446,85,33,4
2003,CHL,Chile,AMRO,-33.4,-70.6,HPS,36,13,23,0.3793,32,7,1
2003,BRA,Brazil,AMRO,-15.8,-47.9,HPS,24,9,15,0.3894,18,3,0
2003,BOL,Bolivia,AMRO,-16.5,-68.2,HPS,4,1,3,0.3544,3,0,0
2003,PRY,Paraguay,AMRO,-25.3,-57.6,HPS,6,1,5,0.2704,5,1,0
2003,URY,Uruguay,AMRO,-34.9,-56.2,HPS,4,1,3,0.2939,3,0,0
2003,PAN,Panama,AMRO,9.0,-79.5,HPS,11,2,9,0.2537,10,1,0
2003,USA,USA,AMRO,38.9,-77.0,HPS,27,9,18,0.3529,25,8,0
2003,CAN,Canada,AMRO,45.4,-75.7,HPS,4,1,3,0.2956,3,0,0
2003,CRI,Costa Rica,AMRO,9.9,-84.1,HPS,1,0,1,0.2941,0,0,0
2003,CHN,China,WPRO,39.9,116.4,HFRS,13189,352,12837,0.0267,10621,3551,0
2003,KOR,South Korea,WPRO,37.6,127.0,HFRS,324,3,321,0.0122,255,56,0
2003,JPN,Japan,WPRO,35.7,139.7,HFRS,8,0,8,0.0147,5,0,0
2003,RUS,Russia,EURO,55.8,37.6,HFRS,12559,286,12273,0.0228,9997,3198,0
2003,FIN,Finland,EURO,60.2,24.9,HFRS,1034,4,1030,0.0048,927,159,0
2003,DEU,Germany,EURO,52.5,13.4,HFRS,834,3,831,0.0036,780,208,0
2003,SWE,Sweden,EURO,59.3,18.1,HFRS,259,0,259,0.0015,245,50,0
2003,BEL,Belgium,EURO,50.8,4.4,HFRS,172,0,172,0.0023,146,40,0
2003,FRA,France,EURO,48.9,2.3,HFRS,63,0,63,0.0015,47,9,0
2003,HRV,Croatia,EURO,45.8,16.0,HFRS,90,3,87,0.034,64,25,0
2003,SVN,Slovenia,EURO,46.1,14.5,HFRS,65,2,63,0.0378,61,11,0
2003,GRC,Greece,EURO,37.97,23.73,HFRS,15,0,15,0.0503,13,2,0
2003,GBR,United Kingdom,EURO,51.5,-0.1,HFRS,15,0,15,0.0145,11,3,0
2003,TWN,Taiwan,WPRO,25.0,121.5,HFRS,10,0,10,0.0274,7,2,0
2003,COL,Colombia,AMRO,4.7,-74.1,HPS,2,0,2,0.2694,1,0,0
2004,ARG,Argentina,AMRO,-34.6,-58.4,HPS,111,35,76,0.3214,95,27,0
2004,CHL,Chile,AMRO,-33.4,-70.6,HPS,35,10,25,0.3059,26,8,0
2004,BRA,Brazil,AMRO,-15.8,-47.9,HPS,27,8,19,0.333,23,3,0
2004,BOL,Bolivia,AMRO,-16.5,-68.2,HPS,13,4,9,0.3243,10,2,0
2004,PRY,Paraguay,AMRO,-25.3,-57.6,HPS,18,4,14,0.2756,15,4,0
2004,URY,Uruguay,AMRO,-34.9,-56.2,HPS,3,0,3,0.3318,2,0,0
2004,PAN,Panama,AMRO,9.0,-79.5,HPS,23,8,15,0.3801,20,7,0
2004,USA,USA,AMRO,38.9,-77.0,HPS,24,8,16,0.368,20,6,0
2004,CAN,Canada,AMRO,45.4,-75.7,HPS,2,0,2,0.3645,1,0,0
2004,CRI,Costa Rica,AMRO,9.9,-84.1,HPS,2,0,2,0.2193,1,0,0
2004,CHN,China,WPRO,39.9,116.4,HFRS,6154,262,5892,0.0427,5588,1547,0
2004,KOR,South Korea,WPRO,37.6,127.0,HFRS,203,3,200,0.0157,173,68,0
2004,JPN,Japan,WPRO,35.7,139.7,HFRS,13,0,13,0.0152,11,3,0
2004,RUS,Russia,EURO,55.8,37.6,HFRS,10511,138,10373,0.0132,9357,2669,0
2004,FIN,Finland,EURO,60.2,24.9,HFRS,2280,5,2275,0.0024,1956,749,0
2004,DEU,Germany,EURO,52.5,13.4,HFRS,506,1,505,0.0038,441,73,0
2004,SWE,Sweden,EURO,59.3,18.1,HFRS,178,0,178,0.0031,127,37,0
2004,BEL,Belgium,EURO,50.8,4.4,HFRS,94,0,94,0.0022,66,24,0
2004,FRA,France,EURO,48.9,2.3,HFRS,141,0,141,0.0039,125,22,0
2004,HRV,Croatia,EURO,45.8,16.0,HFRS,89,1,88,0.021,62,14,0
2004,SVN,Slovenia,EURO,46.1,14.5,HFRS,45,1,44,0.0331,39,10,0
2004,GRC,Greece,EURO,37.97,23.73,HFRS,12,0,12,0.0599,9,2,0
2004,GBR,United Kingdom,EURO,51.5,-0.1,HFRS,7,0,7,0.0259,6,1,0
2004,TWN,Taiwan,WPRO,25.0,121.5,HFRS,4,0,4,0.0304,3,0,0
2004,COL,Colombia,AMRO,4.7,-74.1,HPS,4,1,3,0.2727,3,1,0
2005,ARG,Argentina,AMRO,-34.6,-58.4,HPS,75,22,53,0.2958,59,12,3
2005,CHL,Chile,AMRO,-33.4,-70.6,HPS,37,14,23,0.3841,28,5,0
2005,BRA,Brazil,AMRO,-15.8,-47.9,HPS,64,22,42,0.3553,58,15,0
2005,BOL,Bolivia,AMRO,-16.5,-68.2,HPS,15,4,11,0.2778,13,4,0
2005,PRY,Paraguay,AMRO,-25.3,-57.6,HPS,18,6,12,0.3552,16,4,0
2005,URY,Uruguay,AMRO,-34.9,-56.2,HPS,3,0,3,0.2049,2,0,0
2005,PAN,Panama,AMRO,9.0,-79.5,HPS,23,7,16,0.3222,16,2,0
2005,USA,USA,AMRO,38.9,-77.0,HPS,25,8,17,0.343,18,4,0
2005,CAN,Canada,AMRO,45.4,-75.7,HPS,1,0,1,0.3257,0,0,0
2005,CRI,Costa Rica,AMRO,9.9,-84.1,HPS,1,0,1,0.2683,0,0,0
2005,CHN,China,WPRO,39.9,116.4,HFRS,8647,252,8395,0.0292,7349,1638,0
2005,KOR,South Korea,WPRO,37.6,127.0,HFRS,561,15,546,0.0272,502,80,0
2005,JPN,Japan,WPRO,35.7,139.7,HFRS,11,0,11,0.0121,8,3,0
2005,RUS,Russia,EURO,55.8,37.6,HFRS,4692,117,4575,0.025,4009,1305,0
2005,FIN,Finland,EURO,60.2,24.9,HFRS,1576,1,1575,0.001,1231,343,0
2005,DEU,Germany,EURO,52.5,13.4,HFRS,491,1,490,0.0021,347,58,0
2005,SWE,Sweden,EURO,59.3,18.1,HFRS,203,0,203,0.0014,170,54,0
2005,BEL,Belgium,EURO,50.8,4.4,HFRS,154,0,154,0.0014,114,20,0
2005,FRA,France,EURO,48.9,2.3,HFRS,106,0,106,0.0031,75,28,0
2005,HRV,Croatia,EURO,45.8,16.0,HFRS,34,1,33,0.0417,29,10,0
2005,SVN,Slovenia,EURO,46.1,14.5,HFRS,57,1,56,0.0341,44,15,0
2005,GRC,Greece,EURO,37.97,23.73,HFRS,9,0,9,0.0558,7,2,0
2005,GBR,United Kingdom,EURO,51.5,-0.1,HFRS,10,0,10,0.0229,8,2,0
2005,TWN,Taiwan,WPRO,25.0,121.5,HFRS,4,0,4,0.0118,3,0,0
2005,COL,Colombia,AMRO,4.7,-74.1,HPS,4,1,3,0.2829,3,0,0
2006,ARG,Argentina,AMRO,-34.6,-58.4,HPS,55,17,38,0.3185,47,12,1
2006,CHL,Chile,AMRO,-33.4,-70.6,HPS,53,15,38,0.2843,50,19,1
2006,BRA,Brazil,AMRO,-15.8,-47.9,HPS,37,14,23,0.402,26,4,0
2006,BOL,Bolivia,AMRO,-16.5,-68.2,HPS,7,2,5,0.3194,6,1,0
2006,PRY,Paraguay,AMRO,-25.3,-57.6,HPS,18,5,13,0.2881,14,3,0
2006,URY,Uruguay,AMRO,-34.9,-56.2,HPS,8,1,7,0.206,7,2,0
2006,PAN,Panama,AMRO,9.0,-79.5,HPS,16,5,11,0.3588,13,4,0
2006,USA,USA,AMRO,38.9,-77.0,HPS,31,10,21,0.3422,23,6,0
2006,CAN,Canada,AMRO,45.4,-75.7,HPS,5,1,4,0.2774,4,1,0
2006,CRI,Costa Rica,AMRO,9.9,-84.1,HPS,2,0,2,0.2197,1,0,0
2006,CHN,China,WPRO,39.9,116.4,HFRS,6191,120,6071,0.0195,5837,1139,0
2006,KOR,South Korea,WPRO,37.6,127.0,HFRS,644,12,632,0.0198,490,180,0
2006,JPN,Japan,WPRO,35.7,139.7,HFRS,10,0,10,0.0203,7,2,0
2006,RUS,Russia,EURO,55.8,37.6,HFRS,4811,104,4707,0.0217,4533,972,0
2006,FIN,Finland,EURO,60.2,24.9,HFRS,1713,3,1710,0.0023,1530,279,0
2006,DEU,Germany,EURO,52.5,13.4,HFRS,1408,3,1405,0.0024,1068,179,0
2006,SWE,Sweden,EURO,59.3,18.1,HFRS,144,0,144,0.0026,112,40,0
2006,BEL,Belgium,EURO,50.8,4.4,HFRS,106,0,106,0.0015,90,29,0
2006,FRA,France,EURO,48.9,2.3,HFRS,57,0,57,0.0015,40,13,0
2006,HRV,Croatia,EURO,45.8,16.0,HFRS,81,3,78,0.039,73,25,0
2006,SVN,Slovenia,EURO,46.1,14.5,HFRS,50,1,49,0.036,37,6,0
2006,GRC,Greece,EURO,37.97,23.73,HFRS,12,0,12,0.0223,9,3,0
2006,GBR,United Kingdom,EURO,51.5,-0.1,HFRS,5,0,5,0.0124,4,1,0
2006,TWN,Taiwan,WPRO,25.0,121.5,HFRS,7,0,7,0.0252,4,0,0
2006,COL,Colombia,AMRO,4.7,-74.1,HPS,5,1,4,0.3948,3,1,0
2007,ARG,Argentina,AMRO,-34.6,-58.4,HPS,103,34,69,0.3302,83,23,2
2007,CHL,Chile,AMRO,-33.4,-70.6,HPS,53,14,39,0.2709,37,8,1
2007,BRA,Brazil,AMRO,-15.8,-47.9,HPS,39,15,24,0.401,36,6,0
2007,BOL,Bolivia,AMRO,-16.5,-68.2,HPS,13,4,9,0.3166,11,2,0
2007,PRY,Paraguay,AMRO,-25.3,-57.6,HPS,18,6,12,0.3541,16,5,0
2007,URY,Uruguay,AMRO,-34.9,-56.2,HPS,5,1,4,0.2927,4,1,0
2007,PAN,Panama,AMRO,9.0,-79.5,HPS,8,3,5,0.3896,6,1,0
2007,USA,USA,AMRO,38.9,-77.0,HPS,15,5,10,0.3659,11,3,0
2007,CAN,Canada,AMRO,45.4,-75.7,HPS,2,0,2,0.3355,1,0,0
2007,CRI,Costa Rica,AMRO,9.9,-84.1,HPS,3,0,3,0.261,2,0,0
2007,CHN,China,WPRO,39.9,116.4,HFRS,10292,406,9886,0.0395,9464,2375,0
2007,KOR,South Korea,WPRO,37.6,127.0,HFRS,370,8,362,0.0234,333,113,0
2007,JPN,Japan,WPRO,35.7,139.7,HFRS,15,0,15,0.0187,13,2,0
2007,RUS,Russia,EURO,55.8,37.6,HFRS,8039,81,7958,0.0102,6279,1517,0
2007,FIN,Finland,EURO,60.2,24.9,HFRS,1266,4,1262,0.0038,1009,264,0
2007,DEU,Germany,EURO,52.5,13.4,HFRS,647,1,646,0.0021,489,82,0
2007,SWE,Sweden,EURO,59.3,18.1,HFRS,256,0,256,0.003,218,57,0
2007,BEL,Belgium,EURO,50.8,4.4,HFRS,99,0,99,0.0027,82,22,0
2007,FRA,France,EURO,48.9,2.3,HFRS,42,0,42,0.002,33,8,0
2007,HRV,Croatia,EURO,45.8,16.0,HFRS,75,3,72,0.0413,63,21,0
2007,SVN,Slovenia,EURO,46.1,14.5,HFRS,62,1,61,0.0315,58,8,0
2007,GRC,Greece,EURO,37.97,23.73,HFRS,11,0,11,0.0203,9,3,0
2007,GBR,United Kingdom,EURO,51.5,-0.1,HFRS,8,0,8,0.0285,5,1,0
2007,TWN,Taiwan,WPRO,25.0,121.5,HFRS,7,0,7,0.013,5,1,0
2007,COL,Colombia,AMRO,4.7,-74.1,HPS,2,0,2,0.2961,1,0,0
2008,ARG,Argentina,AMRO,-34.6,-58.4,HPS,73,21,52,0.2916,64,13,1
2008,CHL,Chile,AMRO,-33.4,-70.6,HPS,26,7,19,0.2772,22,4,0
2008,BRA,Brazil,AMRO,-15.8,-47.9,HPS,76,24,52,0.316,63,13,0
2008,BOL,Bolivia,AMRO,-16.5,-68.2,HPS,17,5,12,0.3225,15,4,0
2008,PRY,Paraguay,AMRO,-25.3,-57.6,HPS,7,2,5,0.3213,6,1,0
2008,URY,Uruguay,AMRO,-34.9,-56.2,HPS,8,2,6,0.3326,6,1,0
2008,PAN,Panama,AMRO,9.0,-79.5,HPS,21,6,15,0.3117,19,7,0
2008,USA,USA,AMRO,38.9,-77.0,HPS,19,6,13,0.3237,17,3,0
2008,CAN,Canada,AMRO,45.4,-75.7,HPS,5,1,4,0.3051,4,0,0
2008,CRI,Costa Rica,AMRO,9.9,-84.1,HPS,2,0,2,0.2678,1,0,0
2008,CHN,China,WPRO,39.9,116.4,HFRS,11955,532,11423,0.0445,9016,1568,0
2008,KOR,South Korea,WPRO,37.6,127.0,HFRS,212,4,208,0.0228,180,51,0
2008,JPN,Japan,WPRO,35.7,139.7,HFRS,8,0,8,0.0178,6,1,0
2008,RUS,Russia,EURO,55.8,37.6,HFRS,11703,164,11539,0.0141,10225,2567,0
2008,FIN,Finland,EURO,60.2,24.9,HFRS,1299,5,1294,0.0039,1134,451,0
2008,DEU,Germany,EURO,52.5,13.4,HFRS,533,0,533,0.0013,469,138,0
2008,SWE,Sweden,EURO,59.3,18.1,HFRS,171,0,171,0.0012,123,45,0
2008,BEL,Belgium,EURO,50.8,4.4,HFRS,74,0,74,0.0016,55,13,0
2008,FRA,France,EURO,48.9,2.3,HFRS,47,0,47,0.0026,33,11,0
2008,HRV,Croatia,EURO,45.8,16.0,HFRS,48,1,47,0.0416,44,13,0
2008,SVN,Slovenia,EURO,46.1,14.5,HFRS,47,0,47,0.0197,36,11,0
2008,GRC,Greece,EURO,37.97,23.73,HFRS,26,1,25,0.0465,21,6,0
2008,GBR,United Kingdom,EURO,51.5,-0.1,HFRS,11,0,11,0.0112,9,3,0
2008,TWN,Taiwan,WPRO,25.0,121.5,HFRS,5,0,5,0.0307,3,0,0
2008,COL,Colombia,AMRO,4.7,-74.1,HPS,2,0,2,0.3176,1,0,0
2009,ARG,Argentina,AMRO,-34.6,-58.4,HPS,114,36,78,0.3193,106,22,2
2009,CHL,Chile,AMRO,-33.4,-70.6,HPS,29,11,18,0.3989,27,7,1
2009,BRA,Brazil,AMRO,-15.8,-47.9,HPS,65,25,40,0.3935,46,15,0
2009,BOL,Bolivia,AMRO,-16.5,-68.2,HPS,6,2,4,0.3739,5,1,0
2009,PRY,Paraguay,AMRO,-25.3,-57.6,HPS,7,1,6,0.2685,5,1,0
2009,URY,Uruguay,AMRO,-34.9,-56.2,HPS,3,1,2,0.3405,2,0,0
2009,PAN,Panama,AMRO,9.0,-79.5,HPS,17,5,12,0.3171,14,3,0
2009,USA,USA,AMRO,38.9,-77.0,HPS,35,12,23,0.3497,33,11,0
2009,CAN,Canada,AMRO,45.4,-75.7,HPS,2,0,2,0.371,1,0,0
2009,CRI,Costa Rica,AMRO,9.9,-84.1,HPS,2,0,2,0.3317,1,0,0
2009,CHN,China,WPRO,39.9,116.4,HFRS,12338,273,12065,0.0222,8886,2228,0
2009,KOR,South Korea,WPRO,37.6,127.0,HFRS,290,6,284,0.0239,228,89,0
2009,JPN,Japan,WPRO,35.7,139.7,HFRS,13,0,13,0.0264,9,3,0
2009,RUS,Russia,EURO,55.8,37.6,HFRS,10986,270,10716,0.0246,9355,3191,0
2009,FIN,Finland,EURO,60.2,24.9,HFRS,881,2,879,0.003,704,131,0
2009,DEU,Germany,EURO,52.5,13.4,HFRS,782,0,782,0.0012,552,101,0
2009,SWE,Sweden,EURO,59.3,18.1,HFRS,350,0,350,0.0026,329,84,0
2009,BEL,Belgium,EURO,50.8,4.4,HFRS,90,0,90,0.002,72,12,0
2009,FRA,France,EURO,48.9,2.3,HFRS,106,0,106,0.0016,90,28,0
2009,HRV,Croatia,EURO,45.8,16.0,HFRS,41,0,41,0.0225,36,9,0
2009,SVN,Slovenia,EURO,46.1,14.5,HFRS,23,0,23,0.0398,16,5,0
2009,GRC,Greece,EURO,37.97,23.73,HFRS,26,0,26,0.0296,19,3,0
2009,GBR,United Kingdom,EURO,51.5,-0.1,HFRS,8,0,8,0.012,6,0,0
2009,TWN,Taiwan,WPRO,25.0,121.5,HFRS,9,0,9,0.0399,8,2,0
2009,COL,Colombia,AMRO,4.7,-74.1,HPS,3,1,2,0.3436,2,0,0
2010,ARG,Argentina,AMRO,-34.6,-58.4,HPS,58,19,39,0.333,47,9,1
2010,CHL,Chile,AMRO,-33.4,-70.6,HPS,45,16,29,0.3741,39,13,0
2010,BRA,Brazil,AMRO,-15.8,-47.9,HPS,60,22,38,0.3722,42,9,0
2010,BOL,Bolivia,AMRO,-16.5,-68.2,HPS,16,4,12,0.2706,13,2,0
2010,PRY,Paraguay,AMRO,-25.3,-57.6,HPS,7,1,6,0.2586,6,2,0
2010,URY,Uruguay,AMRO,-34.9,-56.2,HPS,10,2,8,0.2732,7,2,0
2010,PAN,Panama,AMRO,9.0,-79.5,HPS,19,7,12,0.3767,13,3,0
2010,USA,USA,AMRO,38.9,-77.0,HPS,15,4,11,0.3325,13,3,0
2010,CAN,Canada,AMRO,45.4,-75.7,HPS,3,0,3,0.3013,2,0,0
2010,CRI,Costa Rica,AMRO,9.9,-84.1,HPS,3,1,2,0.3433,2,0,0
2010,CHN,China,WPRO,39.9,116.4,HFRS,11100,305,10795,0.0275,8476,3053,0
2010,KOR,South Korea,WPRO,37.6,127.0,HFRS,219,6,213,0.028,178,55,0
2010,JPN,Japan,WPRO,35.7,139.7,HFRS,13,0,13,0.0279,11,3,0
2010,RUS,Russia,EURO,55.8,37.6,HFRS,3735,95,3640,0.0256,2754,920,0
2010,FIN,Finland,EURO,60.2,24.9,HFRS,1392,5,1387,0.0037,988,169,0
2010,DEU,Germany,EURO,52.5,13.4,HFRS,1144,1,1143,0.0012,821,125,0
2010,SWE,Sweden,EURO,59.3,18.1,HFRS,348,1,347,0.0032,274,61,0
2010,BEL,Belgium,EURO,50.8,4.4,HFRS,95,0,95,0.0025,82,16,0
2010,FRA,France,EURO,48.9,2.3,HFRS,58,0,58,0.0013,50,17,0
2010,HRV,Croatia,EURO,45.8,16.0,HFRS,50,1,49,0.0208,36,14,0
2010,SVN,Slovenia,EURO,46.1,14.5,HFRS,35,1,34,0.0331,29,7,0
2010,GRC,Greece,EURO,37.97,23.73,HFRS,11,0,11,0.0249,9,3,0
2010,GBR,United Kingdom,EURO,51.5,-0.1,HFRS,13,0,13,0.0206,9,3,0
2010,TWN,Taiwan,WPRO,25.0,121.5,HFRS,12,0,12,0.0188,11,3,0
2010,COL,Colombia,AMRO,4.7,-74.1,HPS,4,1,3,0.3622,3,0,0
2011,ARG,Argentina,AMRO,-34.6,-58.4,HPS,59,14,45,0.2507,54,11,1
2011,CHL,Chile,AMRO,-33.4,-70.6,HPS,47,14,33,0.3159,40,15,0
2011,BRA,Brazil,AMRO,-15.8,-47.9,HPS,39,12,27,0.3296,35,10,0
2011,BOL,Bolivia,AMRO,-16.5,-68.2,HPS,9,3,6,0.3724,8,2,0
2011,PRY,Paraguay,AMRO,-25.3,-57.6,HPS,25,6,19,0.2604,22,5,0
2011,URY,Uruguay,AMRO,-34.9,-56.2,HPS,9,2,7,0.3093,8,2,0
2011,PAN,Panama,AMRO,9.0,-79.5,HPS,13,4,9,0.3318,12,4,0
2011,USA,USA,AMRO,38.9,-77.0,HPS,12,3,9,0.3165,8,2,0
2011,CAN,Canada,AMRO,45.4,-75.7,HPS,5,1,4,0.2778,4,1,0
2011,CRI,Costa Rica,AMRO,9.9,-84.1,HPS,3,0,3,0.2813,2,0,0
2011,CHN,China,WPRO,39.9,116.4,HFRS,6952,226,6726,0.0326,6063,2233,0
2011,KOR,South Korea,WPRO,37.6,127.0,HFRS,530,13,517,0.0252,392,104,0
2011,JPN,Japan,WPRO,35.7,139.7,HFRS,5,0,5,0.0149,4,1,0
2011,RUS,Russia,EURO,55.8,37.6,HFRS,3944,86,3858,0.022,3549,713,0
2011,FIN,Finland,EURO,60.2,24.9,HFRS,1436,5,1431,0.0039,1226,241,0
2011,DEU,Germany,EURO,52.5,13.4,HFRS,769,2,767,0.0034,644,97,0
2011,SWE,Sweden,EURO,59.3,18.1,HFRS,297,0,297,0.0011,263,52,0
2011,BEL,Belgium,EURO,50.8,4.4,HFRS,174,0,174,0.0017,136,25,0
2011,FRA,France,EURO,48.9,2.3,HFRS,71,0,71,0.0036,67,16,0
2011,HRV,Croatia,EURO,45.8,16.0,HFRS,64,3,61,0.0489,58,17,0
2011,SVN,Slovenia,EURO,46.1,14.5,HFRS,40,0,40,0.0224,34,5,0
2011,GRC,Greece,EURO,37.97,23.73,HFRS,19,0,19,0.0342,17,2,0
2011,GBR,United Kingdom,EURO,51.5,-0.1,HFRS,12,0,12,0.0196,10,1,0
2011,TWN,Taiwan,WPRO,25.0,121.5,HFRS,10,0,10,0.0268,8,2,0
2011,COL,Colombia,AMRO,4.7,-74.1,HPS,5,1,4,0.3707,3,1,0
2012,ARG,Argentina,AMRO,-34.6,-58.4,HPS,106,22,84,0.2116,75,17,4
2012,CHL,Chile,AMRO,-33.4,-70.6,HPS,66,24,42,0.3683,54,14,0
2012,BRA,Brazil,AMRO,-15.8,-47.9,HPS,57,20,37,0.3651,41,8,0
2012,BOL,Bolivia,AMRO,-16.5,-68.2,HPS,14,5,9,0.3603,13,4,0
2012,PRY,Paraguay,AMRO,-25.3,-57.6,HPS,20,5,15,0.2874,17,5,0
2012,URY,Uruguay,AMRO,-34.9,-56.2,HPS,4,1,3,0.2615,3,0,0
2012,PAN,Panama,AMRO,9.0,-79.5,HPS,24,8,16,0.3382,17,4,0
2012,USA,USA,AMRO,38.9,-77.0,HPS,21,6,15,0.3026,14,5,0
2012,CAN,Canada,AMRO,45.4,-75.7,HPS,3,0,3,0.3174,2,0,0
2012,CRI,Costa Rica,AMRO,9.9,-84.1,HPS,1,0,1,0.2644,0,0,0
2012,CHN,China,WPRO,39.9,116.4,HFRS,5727,241,5486,0.0421,4664,1262,0
2012,KOR,South Korea,WPRO,37.6,127.0,HFRS,269,3,266,0.0116,237,64,0
2012,JPN,Japan,WPRO,35.7,139.7,HFRS,10,0,10,0.0246,8,1,0
2012,RUS,Russia,EURO,55.8,37.6,HFRS,7987,112,7875,0.0141,7091,2228,0
2012,FIN,Finland,EURO,60.2,24.9,HFRS,2019,2,2017,0.0013,1442,318,0
2012,DEU,Germany,EURO,52.5,13.4,HFRS,672,1,671,0.0017,622,132,0
2012,SWE,Sweden,EURO,59.3,18.1,HFRS,170,0,170,0.0033,138,47,0
2012,BEL,Belgium,EURO,50.8,4.4,HFRS,58,0,58,0.002,41,6,0
2012,FRA,France,EURO,48.9,2.3,HFRS,134,0,134,0.0014,111,28,0
2012,HRV,Croatia,EURO,45.8,16.0,HFRS,57,3,54,0.056,40,12,0
2012,SVN,Slovenia,EURO,46.1,14.5,HFRS,70,1,69,0.0268,65,10,0
2012,GRC,Greece,EURO,37.97,23.73,HFRS,15,0,15,0.0304,13,5,0
2012,GBR,United Kingdom,EURO,51.5,-0.1,HFRS,8,0,8,0.0231,5,1,0
2012,TWN,Taiwan,WPRO,25.0,121.5,HFRS,8,0,8,0.0392,6,1,0
2012,COL,Colombia,AMRO,4.7,-74.1,HPS,2,0,2,0.2727,1,0,0
2013,ARG,Argentina,AMRO,-34.6,-58.4,HPS,154,43,111,0.2842,127,22,6
2013,CHL,Chile,AMRO,-33.4,-70.6,HPS,69,17,52,0.2602,60,17,0
2013,BRA,Brazil,AMRO,-15.8,-47.9,HPS,70,26,44,0.3727,51,19,0
2013,BOL,Bolivia,AMRO,-16.5,-68.2,HPS,19,6,13,0.3504,15,3,0
2013,PRY,Paraguay,AMRO,-25.3,-57.6,HPS,21,6,15,0.3073,15,4,0
2013,URY,Uruguay,AMRO,-34.9,-56.2,HPS,9,2,7,0.2689,6,2,0
2013,PAN,Panama,AMRO,9.0,-79.5,HPS,15,4,11,0.2888,11,2,0
2013,USA,USA,AMRO,38.9,-77.0,HPS,35,12,23,0.3519,26,9,0
2013,CAN,Canada,AMRO,45.4,-75.7,HPS,6,2,4,0.3632,4,1,0
2013,CRI,Costa Rica,AMRO,9.9,-84.1,HPS,4,1,3,0.3158,2,0,0
2013,CHN,China,WPRO,39.9,116.4,HFRS,8383,388,7995,0.0464,6997,1920,0
2013,KOR,South Korea,WPRO,37.6,127.0,HFRS,254,5,249,0.0231,230,56,0
2013,JPN,Japan,WPRO,35.7,139.7,HFRS,15,0,15,0.0293,11,3,0
2013,RUS,Russia,EURO,55.8,37.6,HFRS,5309,179,5130,0.0338,4482,1383,0
2013,FIN,Finland,EURO,60.2,24.9,HFRS,1752,4,1748,0.0026,1627,460,0
2013,DEU,Germany,EURO,52.5,13.4,HFRS,564,1,563,0.0031,506,115,0
2013,SWE,Sweden,EURO,59.3,18.1,HFRS,322,1,321,0.0037,247,97,0
2013,BEL,Belgium,EURO,50.8,4.4,HFRS,68,0,68,0.0014,50,18,0
2013,FRA,France,EURO,48.9,2.3,HFRS,108,0,108,0.0015,87,26,0
2013,HRV,Croatia,EURO,45.8,16.0,HFRS,36,1,35,0.0553,32,8,0
2013,SVN,Slovenia,EURO,46.1,14.5,HFRS,70,1,69,0.0225,66,20,0
2013,GRC,Greece,EURO,37.97,23.73,HFRS,19,0,19,0.0266,17,4,0
2013,GBR,United Kingdom,EURO,51.5,-0.1,HFRS,7,0,7,0.0103,5,1,0
2013,TWN,Taiwan,WPRO,25.0,121.5,HFRS,11,0,11,0.0367,7,2,0
2013,COL,Colombia,AMRO,4.7,-74.1,HPS,2,0,2,0.3787,1,0,0
2014,ARG,Argentina,AMRO,-34.6,-58.4,HPS,140,34,106,0.2472,114,40,3
2014,CHL,Chile,AMRO,-33.4,-70.6,HPS,47,15,32,0.3241,42,9,0
2014,BRA,Brazil,AMRO,-15.8,-47.9,HPS,94,39,55,0.4239,68,14,0
2014,BOL,Bolivia,AMRO,-16.5,-68.2,HPS,8,2,6,0.3022,6,2,0
2014,PRY,Paraguay,AMRO,-25.3,-57.6,HPS,22,7,15,0.3193,17,6,0
2014,URY,Uruguay,AMRO,-34.9,-56.2,HPS,7,2,5,0.3469,6,1,0
2014,PAN,Panama,AMRO,9.0,-79.5,HPS,28,8,20,0.2988,24,4,0
2014,USA,USA,AMRO,38.9,-77.0,HPS,18,6,12,0.3856,13,4,0
2014,CAN,Canada,AMRO,45.4,-75.7,HPS,3,1,2,0.3336,2,0,0
2014,CRI,Costa Rica,AMRO,9.9,-84.1,HPS,2,0,2,0.2319,1,0,0
2014,CHN,China,WPRO,39.9,116.4,HFRS,10091,479,9612,0.0475,9261,3162,0
2014,KOR,South Korea,WPRO,37.6,127.0,HFRS,609,14,595,0.0233,465,175,0
2014,JPN,Japan,WPRO,35.7,139.7,HFRS,13,0,13,0.0212,9,2,0
2014,RUS,Russia,EURO,55.8,37.6,HFRS,6573,236,6337,0.0359,5499,1347,0
2014,FIN,Finland,EURO,60.2,24.9,HFRS,1985,2,1983,0.0014,1599,256,0
2014,DEU,Germany,EURO,52.5,13.4,HFRS,1169,4,1165,0.0038,900,328,0
2014,SWE,Sweden,EURO,59.3,18.1,HFRS,175,0,175,0.0037,155,54,0
2014,BEL,Belgium,EURO,50.8,4.4,HFRS,52,0,52,0.0029,45,10,0
2014,FRA,France,EURO,48.9,2.3,HFRS,126,0,126,0.0018,115,20,0
2014,HRV,Croatia,EURO,45.8,16.0,HFRS,84,3,81,0.0416,60,12,0
2014,SVN,Slovenia,EURO,46.1,14.5,HFRS,20,0,20,0.0241,15,4,0
2014,GRC,Greece,EURO,37.97,23.73,HFRS,13,0,13,0.032,11,1,0
2014,GBR,United Kingdom,EURO,51.5,-0.1,HFRS,16,0,16,0.027,13,3,0
2014,TWN,Taiwan,WPRO,25.0,121.5,HFRS,13,0,13,0.0156,9,1,0
2014,COL,Colombia,AMRO,4.7,-74.1,HPS,6,1,5,0.2552,5,1,0
2015,ARG,Argentina,AMRO,-34.6,-58.4,HPS,164,45,119,0.2782,117,41,4
2015,CHL,Chile,AMRO,-33.4,-70.6,HPS,33,8,25,0.2641,30,9,1
2015,BRA,Brazil,AMRO,-15.8,-47.9,HPS,111,42,69,0.3858,92,23,0
2015,BOL,Bolivia,AMRO,-16.5,-68.2,HPS,11,3,8,0.3152,9,2,0
2015,PRY,Paraguay,AMRO,-25.3,-57.6,HPS,28,8,20,0.2909,23,7,0
2015,URY,Uruguay,AMRO,-34.9,-56.2,HPS,8,2,6,0.3054,6,1,0
2015,PAN,Panama,AMRO,9.0,-79.5,HPS,13,3,10,0.3077,10,3,0
2015,USA,USA,AMRO,38.9,-77.0,HPS,44,15,29,0.3601,38,10,0
2015,CAN,Canada,AMRO,45.4,-75.7,HPS,5,1,4,0.2592,3,0,0
2015,CRI,Costa Rica,AMRO,9.9,-84.1,HPS,2,0,2,0.2068,1,0,0
2015,CHN,China,WPRO,39.9,116.4,HFRS,12975,301,12674,0.0233,10646,2118,0
2015,KOR,South Korea,WPRO,37.6,127.0,HFRS,517,8,509,0.0156,388,108,0
2015,JPN,Japan,WPRO,35.7,139.7,HFRS,5,0,5,0.0102,3,0,0
2015,RUS,Russia,EURO,55.8,37.6,HFRS,3770,76,3694,0.0202,3395,994,0
2015,FIN,Finland,EURO,60.2,24.9,HFRS,1287,2,1285,0.0022,1200,299,0
2015,DEU,Germany,EURO,52.5,13.4,HFRS,490,1,489,0.0029,356,84,0
2015,SWE,Sweden,EURO,59.3,18.1,HFRS,231,0,231,0.0036,190,61,0
2015,BEL,Belgium,EURO,50.8,4.4,HFRS,179,0,179,0.0013,137,34,0
2015,FRA,France,EURO,48.9,2.3,HFRS,83,0,83,0.0022,76,24,0
2015,HRV,Croatia,EURO,45.8,16.0,HFRS,77,2,75,0.0324,69,26,0
2015,SVN,Slovenia,EURO,46.1,14.5,HFRS,62,0,62,0.01,53,8,0
2015,GRC,Greece,EURO,37.97,23.73,HFRS,12,0,12,0.0224,10,3,0
2015,GBR,United Kingdom,EURO,51.5,-0.1,HFRS,6,0,6,0.0177,4,0,0
2015,TWN,Taiwan,WPRO,25.0,121.5,HFRS,5,0,5,0.0226,4,0,0
2015,COL,Colombia,AMRO,4.7,-74.1,HPS,2,0,2,0.3032,1,0,0
2016,ARG,Argentina,AMRO,-34.6,-58.4,HPS,145,36,109,0.2543,123,18,4
2016,CHL,Chile,AMRO,-33.4,-70.6,HPS,88,30,58,0.3419,80,26,0
2016,BRA,Brazil,AMRO,-15.8,-47.9,HPS,117,36,81,0.31,97,17,0
2016,BOL,Bolivia,AMRO,-16.5,-68.2,HPS,6,1,5,0.3133,4,1,0
2016,PRY,Paraguay,AMRO,-25.3,-57.6,HPS,21,4,17,0.227,15,4,0
2016,URY,Uruguay,AMRO,-34.9,-56.2,HPS,6,1,5,0.3094,5,1,0
2016,PAN,Panama,AMRO,9.0,-79.5,HPS,30,9,21,0.3145,26,5,0
2016,USA,USA,AMRO,38.9,-77.0,HPS,23,8,15,0.3789,18,6,0
2016,CAN,Canada,AMRO,45.4,-75.7,HPS,6,2,4,0.3615,5,1,0
2016,CRI,Costa Rica,AMRO,9.9,-84.1,HPS,2,0,2,0.2873,1,0,0
2016,CHN,China,WPRO,39.9,116.4,HFRS,10260,385,9875,0.0375,8142,1560,0
2016,KOR,South Korea,WPRO,37.6,127.0,HFRS,423,5,418,0.0129,390,92,0
2016,JPN,Japan,WPRO,35.7,139.7,HFRS,7,0,7,0.0105,6,1,0
2016,RUS,Russia,EURO,55.8,37.6,HFRS,5460,66,5394,0.0122,4381,998,0
2016,FIN,Finland,EURO,60.2,24.9,HFRS,1498,5,1493,0.0034,1185,242,0
2016,DEU,Germany,EURO,52.5,13.4,HFRS,1427,3,1424,0.0024,1244,230,0
2016,SWE,Sweden,EURO,59.3,18.1,HFRS,226,0,226,0.0011,186,72,0
2016,BEL,Belgium,EURO,50.8,4.4,HFRS,99,0,99,0.0011,70,17,0
2016,FRA,France,EURO,48.9,2.3,HFRS,56,0,56,0.0011,49,12,0
2016,HRV,Croatia,EURO,45.8,16.0,HFRS,52,2,50,0.056,37,14,0
2016,SVN,Slovenia,EURO,46.1,14.5,HFRS,36,1,35,0.0367,30,10,0
2016,GRC,Greece,EURO,37.97,23.73,HFRS,26,0,26,0.0315,24,5,0
2016,GBR,United Kingdom,EURO,51.5,-0.1,HFRS,10,0,10,0.0168,8,1,0
2016,TWN,Taiwan,WPRO,25.0,121.5,HFRS,9,0,9,0.0263,8,2,0
2016,COL,Colombia,AMRO,4.7,-74.1,HPS,4,1,3,0.2953,3,0,0
2017,ARG,Argentina,AMRO,-34.6,-58.4,HPS,62,15,47,0.2514,47,18,1
2017,CHL,Chile,AMRO,-33.4,-70.6,HPS,51,17,34,0.3371,37,9,1
2017,BRA,Brazil,AMRO,-15.8,-47.9,HPS,81,29,52,0.3603,76,28,0
2017,BOL,Bolivia,AMRO,-16.5,-68.2,HPS,17,5,12,0.3354,14,2,0
2017,PRY,Paraguay,AMRO,-25.3,-57.6,HPS,18,4,14,0.2263,14,4,0
2017,URY,Uruguay,AMRO,-34.9,-56.2,HPS,5,1,4,0.3446,4,1,0
2017,PAN,Panama,AMRO,9.0,-79.5,HPS,26,9,17,0.3805,19,6,0
2017,USA,USA,AMRO,38.9,-77.0,HPS,17,6,11,0.3794,13,4,0
2017,CAN,Canada,AMRO,45.4,-75.7,HPS,7,1,6,0.2693,5,1,0
2017,CRI,Costa Rica,AMRO,9.9,-84.1,HPS,3,0,3,0.3295,2,0,0
2017,CHN,China,WPRO,39.9,116.4,HFRS,6205,112,6093,0.0181,5525,1362,0
2017,KOR,South Korea,WPRO,37.6,127.0,HFRS,465,9,456,0.0198,392,143,0
2017,JPN,Japan,WPRO,35.7,139.7,HFRS,17,0,17,0.0182,15,5,0
2017,RUS,Russia,EURO,55.8,37.6,HFRS,7094,274,6820,0.0387,5321,943,0
2017,FIN,Finland,EURO,60.2,24.9,HFRS,1719,4,1715,0.0028,1567,584,0
2017,DEU,Germany,EURO,52.5,13.4,HFRS,464,1,463,0.0037,376,104,0
2017,SWE,Sweden,EURO,59.3,18.1,HFRS,262,0,262,0.0038,184,49,0
2017,BEL,Belgium,EURO,50.8,4.4,HFRS,139,0,139,0.0024,121,22,0
2017,FRA,France,EURO,48.9,2.3,HFRS,71,0,71,0.0021,63,13,0
2017,HRV,Croatia,EURO,45.8,16.0,HFRS,46,2,44,0.0583,32,12,0
2017,SVN,Slovenia,EURO,46.1,14.5,HFRS,55,1,54,0.0349,42,6,0
2017,GRC,Greece,EURO,37.97,23.73,HFRS,21,1,20,0.0534,18,3,0
2017,GBR,United Kingdom,EURO,51.5,-0.1,HFRS,14,0,14,0.0254,12,4,0
2017,TWN,Taiwan,WPRO,25.0,121.5,HFRS,12,0,12,0.0284,8,2,0
2017,COL,Colombia,AMRO,4.7,-74.1,HPS,2,0,2,0.3111,1,0,0
2018,ARG,Argentina,AMRO,-34.6,-58.4,HPS,105,22,83,0.2166,94,36,0
2018,CHL,Chile,AMRO,-33.4,-70.6,HPS,96,31,65,0.3284,74,12,2
2018,BRA,Brazil,AMRO,-15.8,-47.9,HPS,113,45,68,0.4061,80,13,0
2018,BOL,Bolivia,AMRO,-16.5,-68.2,HPS,14,4,10,0.2943,10,2,0
2018,PRY,Paraguay,AMRO,-25.3,-57.6,HPS,28,10,18,0.3687,22,8,0
2018,URY,Uruguay,AMRO,-34.9,-56.2,HPS,6,1,5,0.2715,4,1,0
2018,PAN,Panama,AMRO,9.0,-79.5,HPS,40,13,27,0.3405,31,9,0
2018,USA,USA,AMRO,38.9,-77.0,HPS,18,6,12,0.3889,14,3,0
2018,CAN,Canada,AMRO,45.4,-75.7,HPS,5,1,4,0.3312,3,0,0
2018,CRI,Costa Rica,AMRO,9.9,-84.1,HPS,2,0,2,0.3071,1,0,0
2018,CHN,China,WPRO,39.9,116.4,HFRS,8527,262,8265,0.0308,6273,2156,0
2018,KOR,South Korea,WPRO,37.6,127.0,HFRS,341,6,335,0.0199,262,48,0
2018,JPN,Japan,WPRO,35.7,139.7,HFRS,13,0,13,0.0111,11,2,0
2018,RUS,Russia,EURO,55.8,37.6,HFRS,2800,70,2730,0.0253,1992,436,0
2018,FIN,Finland,EURO,60.2,24.9,HFRS,1490,1,1489,0.0013,1355,204,0
2018,DEU,Germany,EURO,52.5,13.4,HFRS,656,2,654,0.0032,511,89,0
2018,SWE,Sweden,EURO,59.3,18.1,HFRS,193,0,193,0.0018,175,39,0
2018,BEL,Belgium,EURO,50.8,4.4,HFRS,152,0,152,0.0028,122,46,0
2018,FRA,France,EURO,48.9,2.3,HFRS,79,0,79,0.0039,57,18,0
2018,HRV,Croatia,EURO,45.8,16.0,HFRS,68,2,66,0.0355,58,18,0
2018,SVN,Slovenia,EURO,46.1,14.5,HFRS,20,0,20,0.015,17,5,0
2018,GRC,Greece,EURO,37.97,23.73,HFRS,26,1,25,0.0504,24,7,0
2018,GBR,United Kingdom,EURO,51.5,-0.1,HFRS,8,0,8,0.0121,7,2,0
2018,TWN,Taiwan,WPRO,25.0,121.5,HFRS,4,0,4,0.0208,3,0,0
2018,COL,Colombia,AMRO,4.7,-74.1,HPS,4,1,3,0.3187,3,0,0
2019,ARG,Argentina,AMRO,-34.6,-58.4,HPS,111,23,88,0.2079,99,25,4
2019,CHL,Chile,AMRO,-33.4,-70.6,HPS,91,25,66,0.2818,78,20,4
2019,BRA,Brazil,AMRO,-15.8,-47.9,HPS,59,23,36,0.4017,50,11,0
2019,BOL,Bolivia,AMRO,-16.5,-68.2,HPS,9,3,6,0.3477,7,1,0
2019,PRY,Paraguay,AMRO,-25.3,-57.6,HPS,25,7,18,0.2832,21,4,0
2019,URY,Uruguay,AMRO,-34.9,-56.2,HPS,12,2,10,0.2431,9,1,0
2019,PAN,Panama,AMRO,9.0,-79.5,HPS,15,4,11,0.3274,11,3,0
2019,USA,USA,AMRO,38.9,-77.0,HPS,14,4,10,0.3379,10,1,0
2019,CAN,Canada,AMRO,45.4,-75.7,HPS,3,0,3,0.3038,2,0,0
2019,CRI,Costa Rica,AMRO,9.9,-84.1,HPS,3,0,3,0.2893,2,0,0
2019,CHN,China,WPRO,39.9,116.4,HFRS,12057,370,11687,0.0308,10482,2389,0
2019,KOR,South Korea,WPRO,37.6,127.0,HFRS,602,15,587,0.0255,499,196,0
2019,JPN,Japan,WPRO,35.7,139.7,HFRS,6,0,6,0.0103,5,1,0
2019,RUS,Russia,EURO,55.8,37.6,HFRS,3612,64,3548,0.018,2544,568,0
2019,FIN,Finland,EURO,60.2,24.9,HFRS,1553,4,1549,0.0031,1222,296,0
2019,DEU,Germany,EURO,52.5,13.4,HFRS,401,0,401,0.0019,345,135,0
2019,SWE,Sweden,EURO,59.3,18.1,HFRS,320,0,320,0.0011,295,102,0
2019,BEL,Belgium,EURO,50.8,4.4,HFRS,151,0,151,0.0019,120,27,0
2019,FRA,France,EURO,48.9,2.3,HFRS,46,0,46,0.0017,35,9,0
2019,HRV,Croatia,EURO,45.8,16.0,HFRS,88,3,85,0.039,62,24,0
2019,SVN,Slovenia,EURO,46.1,14.5,HFRS,69,2,67,0.0336,65,18,0
2019,GRC,Greece,EURO,37.97,23.73,HFRS,26,0,26,0.023,20,4,0
2019,GBR,United Kingdom,EURO,51.5,-0.1,HFRS,7,0,7,0.0128,5,1,0
2019,TWN,Taiwan,WPRO,25.0,121.5,HFRS,10,0,10,0.0144,9,2,0
2019,COL,Colombia,AMRO,4.7,-74.1,HPS,4,1,3,0.3511,3,0,0
2020,ARG,Argentina,AMRO,-34.6,-58.4,HPS,198,48,150,0.2436,161,59,7
2020,CHL,Chile,AMRO,-33.4,-70.6,HPS,33,8,25,0.2721,23,7,0
2020,BRA,Brazil,AMRO,-15.8,-47.9,HPS,52,23,29,0.4437,43,9,0
2020,BOL,Bolivia,AMRO,-16.5,-68.2,HPS,16,5,11,0.3519,11,2,0
2020,PRY,Paraguay,AMRO,-25.3,-57.6,HPS,30,8,22,0.2935,25,6,0
2020,URY,Uruguay,AMRO,-34.9,-56.2,HPS,4,0,4,0.2249,3,0,0
2020,PAN,Panama,AMRO,9.0,-79.5,HPS,13,4,9,0.3765,12,4,0
2020,USA,USA,AMRO,38.9,-77.0,HPS,47,15,32,0.3242,44,8,0
2020,CAN,Canada,AMRO,45.4,-75.7,HPS,8,3,5,0.3793,7,2,0
2020,CRI,Costa Rica,AMRO,9.9,-84.1,HPS,3,0,3,0.2389,2,0,0
2020,CHN,China,WPRO,39.9,116.4,HFRS,4022,140,3882,0.0349,3801,750,0
2020,KOR,South Korea,WPRO,37.6,127.0,HFRS,612,17,595,0.0282,572,223,0
2020,JPN,Japan,WPRO,35.7,139.7,HFRS,11,0,11,0.0295,9,1,0
2020,RUS,Russia,EURO,55.8,37.6,HFRS,6056,191,5865,0.0315,4613,1430,0
2020,FIN,Finland,EURO,60.2,24.9,HFRS,1385,2,1383,0.0017,1165,399,0
2020,DEU,Germany,EURO,52.5,13.4,HFRS,918,0,918,0.001,644,154,0
2020,SWE,Sweden,EURO,59.3,18.1,HFRS,340,0,340,0.0017,291,59,0
2020,BEL,Belgium,EURO,50.8,4.4,HFRS,91,0,91,0.0027,80,13,0
2020,FRA,France,EURO,48.9,2.3,HFRS,84,0,84,0.0011,68,21,0
2020,HRV,Croatia,EURO,45.8,16.0,HFRS,39,1,38,0.0316,31,11,0
2020,SVN,Slovenia,EURO,46.1,14.5,HFRS,71,0,71,0.0113,63,15,0
2020,GRC,Greece,EURO,37.97,23.73,HFRS,15,0,15,0.0502,13,5,0
2020,GBR,United Kingdom,EURO,51.5,-0.1,HFRS,12,0,12,0.0171,10,2,0
2020,TWN,Taiwan,WPRO,25.0,121.5,HFRS,9,0,9,0.0208,7,1,0
2020,COL,Colombia,AMRO,4.7,-74.1,HPS,3,1,2,0.3877,2,0,0
2021,ARG,Argentina,AMRO,-34.6,-58.4,HPS,94,19,75,0.2058,66,12,4
2021,CHL,Chile,AMRO,-33.4,-70.6,HPS,52,20,32,0.3926,43,11,1
2021,BRA,Brazil,AMRO,-15.8,-47.9,HPS,93,38,55,0.4138,71,16,0
2021,BOL,Bolivia,AMRO,-16.5,-68.2,HPS,24,9,15,0.392,22,5,0
2021,PRY,Paraguay,AMRO,-25.3,-57.6,HPS,30,8,22,0.2962,24,4,0
2021,URY,Uruguay,AMRO,-34.9,-56.2,HPS,10,2,8,0.2279,7,2,0
2021,PAN,Panama,AMRO,9.0,-79.5,HPS,19,4,15,0.2607,13,5,0
2021,USA,USA,AMRO,38.9,-77.0,HPS,34,11,23,0.3409,30,10,0
2021,CAN,Canada,AMRO,45.4,-75.7,HPS,4,1,3,0.3402,3,0,0
2021,CRI,Costa Rica,AMRO,9.9,-84.1,HPS,2,0,2,0.3314,1,0,0
2021,CHN,China,WPRO,39.9,116.4,HFRS,6990,80,6910,0.0115,5116,1746,0
2021,KOR,South Korea,WPRO,37.6,127.0,HFRS,200,3,197,0.0183,166,27,0
2021,JPN,Japan,WPRO,35.7,139.7,HFRS,17,0,17,0.0145,13,2,0
2021,RUS,Russia,EURO,55.8,37.6,HFRS,4247,42,4205,0.01,3747,1467,0
2021,FIN,Finland,EURO,60.2,24.9,HFRS,788,2,786,0.0037,697,252,0
2021,DEU,Germany,EURO,52.5,13.4,HFRS,839,1,838,0.0019,655,214,0
2021,SWE,Sweden,EURO,59.3,18.1,HFRS,312,0,312,0.0015,247,92,0
2021,BEL,Belgium,EURO,50.8,4.4,HFRS,154,0,154,0.003,136,33,0
2021,FRA,France,EURO,48.9,2.3,HFRS,101,0,101,0.003,72,20,0
2021,HRV,Croatia,EURO,45.8,16.0,HFRS,85,2,83,0.0267,76,22,0
2021,SVN,Slovenia,EURO,46.1,14.5,HFRS,69,0,69,0.0113,52,15,0
2021,GRC,Greece,EURO,37.97,23.73,HFRS,13,0,13,0.0486,11,1,0
2021,GBR,United Kingdom,EURO,51.5,-0.1,HFRS,11,0,11,0.0202,8,3,0
2021,TWN,Taiwan,WPRO,25.0,121.5,HFRS,12,0,12,0.0309,10,2,0
2021,COL,Colombia,AMRO,4.7,-74.1,HPS,8,2,6,0.3542,7,2,0
2022,ARG,Argentina,AMRO,-34.6,-58.4,HPS,105,33,72,0.3211,78,18,1
2022,CHL,Chile,AMRO,-33.4,-70.6,HPS,108,40,68,0.3785,94,31,3
2022,BRA,Brazil,AMRO,-15.8,-47.9,HPS,141,52,89,0.3744,112,21,0
2022,BOL,Bolivia,AMRO,-16.5,-68.2,HPS,23,8,15,0.3602,18,2,0
2022,PRY,Paraguay,AMRO,-25.3,-57.6,HPS,32,7,25,0.2218,28,10,0
2022,URY,Uruguay,AMRO,-34.9,-56.2,HPS,8,1,7,0.2352,7,2,0
2022,PAN,Panama,AMRO,9.0,-79.5,HPS,31,12,19,0.3951,22,6,0
2022,USA,USA,AMRO,38.9,-77.0,HPS,44,16,28,0.3863,32,11,0
2022,CAN,Canada,AMRO,45.4,-75.7,HPS,6,1,5,0.3016,4,1,0
2022,CRI,Costa Rica,AMRO,9.9,-84.1,HPS,2,0,2,0.2465,1,0,0
2022,CHN,China,WPRO,39.9,116.4,HFRS,8961,375,8586,0.0419,6833,2092,0
2022,KOR,South Korea,WPRO,37.6,127.0,HFRS,497,13,484,0.0267,460,70,0
2022,JPN,Japan,WPRO,35.7,139.7,HFRS,13,0,13,0.011,10,2,0
2022,RUS,Russia,EURO,55.8,37.6,HFRS,4688,96,4592,0.0206,4009,936,0
2022,FIN,Finland,EURO,60.2,24.9,HFRS,1420,3,1417,0.0026,1018,352,0
2022,DEU,Germany,EURO,52.5,13.4,HFRS,697,1,696,0.0023,607,141,0
2022,SWE,Sweden,EURO,59.3,18.1,HFRS,114,0,114,0.0021,106,32,0
2022,BEL,Belgium,EURO,50.8,4.4,HFRS,137,0,137,0.0023,102,25,0
2022,FRA,France,EURO,48.9,2.3,HFRS,118,0,118,0.0013,90,19,0
2022,HRV,Croatia,EURO,45.8,16.0,HFRS,63,3,60,0.0592,45,12,0
2022,SVN,Slovenia,EURO,46.1,14.5,HFRS,29,1,28,0.0391,21,5,0
2022,GRC,Greece,EURO,37.97,23.73,HFRS,21,1,20,0.0482,16,3,0
2022,GBR,United Kingdom,EURO,51.5,-0.1,HFRS,10,0,10,0.0153,7,1,0
2022,TWN,Taiwan,WPRO,25.0,121.5,HFRS,6,0,6,0.0186,5,1,0
2022,COL,Colombia,AMRO,4.7,-74.1,HPS,6,1,5,0.2615,4,1,0
2023,ARG,Argentina,AMRO,-34.6,-58.4,HPS,111,23,88,0.2138,94,28,3
2023,CHL,Chile,AMRO,-33.4,-70.6,HPS,53,13,40,0.2523,49,10,1
2023,BRA,Brazil,AMRO,-15.8,-47.9,HPS,119,46,73,0.3915,92,20,0
2023,BOL,Bolivia,AMRO,-16.5,-68.2,HPS,20,7,13,0.3799,18,3,0
2023,PRY,Paraguay,AMRO,-25.3,-57.6,HPS,14,5,9,0.3712,12,4,0
2023,URY,Uruguay,AMRO,-34.9,-56.2,HPS,6,1,5,0.2881,5,1,0
2023,PAN,Panama,AMRO,9.0,-79.5,HPS,27,6,21,0.2523,22,4,0
2023,USA,USA,AMRO,38.9,-77.0,HPS,34,13,21,0.3958,27,9,0
2023,CAN,Canada,AMRO,45.4,-75.7,HPS,3,1,2,0.3374,2,0,0
2023,CRI,Costa Rica,AMRO,9.9,-84.1,HPS,1,0,1,0.265,0,0,0
2023,CHN,China,WPRO,39.9,116.4,HFRS,10809,295,10514,0.0274,8265,2137,0
2023,KOR,South Korea,WPRO,37.6,127.0,HFRS,576,5,571,0.0102,488,148,0
2023,JPN,Japan,WPRO,35.7,139.7,HFRS,13,0,13,0.0148,11,1,0
2023,RUS,Russia,EURO,55.8,37.6,HFRS,3886,141,3745,0.0363,3437,527,0
2023,FIN,Finland,EURO,60.2,24.9,HFRS,789,1,788,0.0019,605,128,0
2023,DEU,Germany,EURO,52.5,13.4,HFRS,465,1,464,0.0024,410,123,0
2023,SWE,Sweden,EURO,59.3,18.1,HFRS,274,0,274,0.0012,256,92,0
2023,BEL,Belgium,EURO,50.8,4.4,HFRS,154,0,154,0.0026,143,40,0
2023,FRA,France,EURO,48.9,2.3,HFRS,60,0,60,0.0029,53,17,0
2023,HRV,Croatia,EURO,45.8,16.0,HFRS,70,1,69,0.0227,55,20,0
2023,SVN,Slovenia,EURO,46.1,14.5,HFRS,50,1,49,0.0261,38,9,0
2023,GRC,Greece,EURO,37.97,23.73,HFRS,24,1,23,0.0467,21,5,0
2023,GBR,United Kingdom,EURO,51.5,-0.1,HFRS,13,0,13,0.015,11,2,0
2023,TWN,Taiwan,WPRO,25.0,121.5,HFRS,8,0,8,0.0295,7,1,0
2023,COL,Colombia,AMRO,4.7,-74.1,HPS,8,2,6,0.2939,6,0,0
2024,ARG,Argentina,AMRO,-34.6,-58.4,HPS,114,31,83,0.2754,81,22,5
2024,CHL,Chile,AMRO,-33.4,-70.6,HPS,41,14,27,0.3647,32,10,0
2024,BRA,Brazil,AMRO,-15.8,-47.9,HPS,60,19,41,0.3241,43,8,0
2024,BOL,Bolivia,AMRO,-16.5,-68.2,HPS,21,8,13,0.3823,18,5,0
2024,PRY,Paraguay,AMRO,-25.3,-57.6,HPS,13,3,10,0.2663,10,2,0
2024,URY,Uruguay,AMRO,-34.9,-56.2,HPS,10,2,8,0.2803,7,1,0
2024,PAN,Panama,AMRO,9.0,-79.5,HPS,42,15,27,0.3684,32,12,0
2024,USA,USA,AMRO,38.9,-77.0,HPS,56,18,38,0.3327,44,12,0
2024,CAN,Canada,AMRO,45.4,-75.7,HPS,9,3,6,0.3639,6,1,0
2024,CRI,Costa Rica,AMRO,9.9,-84.1,HPS,3,0,3,0.2755,2,0,0
2024,CHN,China,WPRO,39.9,116.4,HFRS,8666,377,8289,0.0435,7926,2671,0
2024,KOR,South Korea,WPRO,37.6,127.0,HFRS,428,9,419,0.0222,316,100,0
2024,JPN,Japan,WPRO,35.7,139.7,HFRS,7,0,7,0.0239,5,0,0
2024,RUS,Russia,EURO,55.8,37.6,HFRS,3591,36,3555,0.0101,3158,1051,0
2024,FIN,Finland,EURO,60.2,24.9,HFRS,1101,1,1100,0.0016,793,122,0
2024,DEU,Germany,EURO,52.5,13.4,HFRS,572,2,570,0.0037,434,103,0
2024,SWE,Sweden,EURO,59.3,18.1,HFRS,127,0,127,0.0017,105,31,0
2024,BEL,Belgium,EURO,50.8,4.4,HFRS,81,0,81,0.0011,64,13,0
2024,FRA,France,EURO,48.9,2.3,HFRS,62,0,62,0.0039,52,15,0
2024,HRV,Croatia,EURO,45.8,16.0,HFRS,62,2,60,0.0372,51,16,0
2024,SVN,Slovenia,EURO,46.1,14.5,HFRS,56,0,56,0.0152,46,11,0
2024,GRC,Greece,EURO,37.97,23.73,HFRS,24,1,23,0.0453,19,3,0
2024,GBR,United Kingdom,EURO,51.5,-0.1,HFRS,12,0,12,0.0123,9,1,0
2024,TWN,Taiwan,WPRO,25.0,121.5,HFRS,11,0,11,0.0162,8,2,0
2024,COL,Colombia,AMRO,4.7,-74.1,HPS,4,1,3,0.3262,3,0,0
2025,ARG,Argentina,AMRO,-34.6,-58.4,HPS,202,42,160,0.2104,165,47,6
2025,CHL,Chile,AMRO,-33.4,-70.6,HPS,92,26,66,0.288,64,21,2
2025,BRA,Brazil,AMRO,-15.8,-47.9,HPS,139,58,81,0.4232,126,34,0
2025,BOL,Bolivia,AMRO,-16.5,-68.2,HPS,15,5,10,0.3687,12,2,0
2025,PRY,Paraguay,AMRO,-25.3,-57.6,HPS,35,12,23,0.3612,28,4,0
2025,URY,Uruguay,AMRO,-34.9,-56.2,HPS,8,2,6,0.3205,7,1,0
2025,PAN,Panama,AMRO,9.0,-79.5,HPS,16,6,10,0.3816,12,3,0
2025,USA,USA,AMRO,38.9,-77.0,HPS,58,17,41,0.3067,50,8,0
2025,CAN,Canada,AMRO,45.4,-75.7,HPS,5,1,4,0.3545,4,1,0
2025,CRI,Costa Rica,AMRO,9.9,-84.1,HPS,4,0,4,0.2482,3,0,0
2025,CHN,China,WPRO,39.9,116.4,HFRS,6063,77,5986,0.0127,4804,1278,0
2025,KOR,South Korea,WPRO,37.6,127.0,HFRS,575,13,562,0.0231,504,76,0
2025,JPN,Japan,WPRO,35.7,139.7,HFRS,7,0,7,0.0232,5,0,0
2025,RUS,Russia,EURO,55.8,37.6,HFRS,7617,252,7365,0.0332,6376,1062,0
2025,FIN,Finland,EURO,60.2,24.9,HFRS,1382,4,1378,0.0033,1237,418,0
2025,DEU,Germany,EURO,52.5,13.4,HFRS,1235,3,1232,0.0026,907,288,0
2025,SWE,Sweden,EURO,59.3,18.1,HFRS,261,0,261,0.0032,193,38,0
2025,BEL,Belgium,EURO,50.8,4.4,HFRS,165,0,165,0.0025,152,51,0
2025,FRA,France,EURO,48.9,2.3,HFRS,102,0,102,0.003,94,27,0
2025,HRV,Croatia,EURO,45.8,16.0,HFRS,79,2,77,0.0263,64,21,0
2025,SVN,Slovenia,EURO,46.1,14.5,HFRS,34,0,34,0.0161,26,5,0
2025,GRC,Greece,EURO,37.97,23.73,HFRS,11,0,11,0.037,10,2,0
2025,GBR,United Kingdom,EURO,51.5,-0.1,HFRS,7,0,7,0.0115,6,1,0
2025,TWN,Taiwan,WPRO,25.0,121.5,HFRS,12,0,12,0.0298,10,2,0
2025,COL,Colombia,AMRO,4.7,-74.1,HPS,7,2,5,0.2896,6,1,0
2026,ARG,Argentina,AMRO,-34.6,-58.4,HPS,124,29,95,0.2404,92,29,1
2026,CHL,Chile,AMRO,-33.4,-70.6,HPS,85,24,61,0.2897,73,25,3
2026,BRA,Brazil,AMRO,-15.8,-47.9,HPS,134,43,91,0.3282,96,31,0
2026,BOL,Bolivia,AMRO,-16.5,-68.2,HPS,16,5,11,0.3149,11,2,0
2026,PRY,Paraguay,AMRO,-25.3,-57.6,HPS,12,4,8,0.3607,9,2,0
2026,URY,Uruguay,AMRO,-34.9,-56.2,HPS,4,1,3,0.3,3,1,0
2026,PAN,Panama,AMRO,9.0,-79.5,HPS,46,13,33,0.2988,42,16,0
2026,USA,USA,AMRO,38.9,-77.0,HPS,53,20,33,0.3845,40,11,0
2026,CAN,Canada,AMRO,45.4,-75.7,HPS,3,0,3,0.2623,2,0,0
2026,CRI,Costa Rica,AMRO,9.9,-84.1,HPS,4,1,3,0.321,3,1,0
2026,CHN,China,WPRO,39.9,116.4,HFRS,4916,57,4859,0.0116,3946,720,0
2026,KOR,South Korea,WPRO,37.6,127.0,HFRS,211,3,208,0.0172,189,55,0
2026,JPN,Japan,WPRO,35.7,139.7,HFRS,9,0,9,0.0231,6,0,0
2026,RUS,Russia,EURO,55.8,37.6,HFRS,7217,207,7010,0.0287,6427,1026,0
2026,FIN,Finland,EURO,60.2,24.9,HFRS,1438,5,1433,0.0035,1209,370,0
2026,DEU,Germany,EURO,52.5,13.4,HFRS,1299,3,1296,0.0028,1097,436,0
2026,SWE,Sweden,EURO,59.3,18.1,HFRS,296,0,296,0.0023,259,64,0
2026,BEL,Belgium,EURO,50.8,4.4,HFRS,79,0,79,0.0022,73,27,0
2026,FRA,France,EURO,48.9,2.3,HFRS,75,0,75,0.0026,56,22,0
2026,HRV,Croatia,EURO,45.8,16.0,HFRS,106,4,102,0.046,95,31,0
2026,SVN,Slovenia,EURO,46.1,14.5,HFRS,50,0,50,0.0116,40,12,0
2026,GRC,Greece,EURO,37.97,23.73,HFRS,20,0,20,0.0349,18,3,0
2026,GBR,United Kingdom,EURO,51.5,-0.1,HFRS,11,0,11,0.0238,9,2,0
2026,TWN,Taiwan,WPRO,25.0,121.5,HFRS,6,0,6,0.0147,5,1,0
2026,COL,Colombia,AMRO,4.7,-74.1,HPS,4,1,3,0.3558,3,0,0
